<NotepadPlus>
    <UserLang name="Z80 Assembler" ext=".asm" udlVersion="2.1">
        <Settings>
            <Global caseIgnored="yes" allowFoldOfComments="yes" foldCompact="no" forcePureLC="0" decimalSeparator="0" />
            <Prefix Keywords1="no" Keywords2="no" Keywords3="no" Keywords4="no" Keywords5="no" Keywords6="no" Keywords7="no" Keywords8="no" />
        </Settings>
        <KeywordLists>
            <Keywords name="Comments">00; 00// 01 02 03/* 04*/</Keywords>
            <Keywords name="Numbers, prefix1">%</Keywords>
            <Keywords name="Numbers, prefix2"># 0x</Keywords>
            <Keywords name="Numbers, extras1">A B C D E F a b c d e f</Keywords>
            <Keywords name="Numbers, extras2"></Keywords>
            <Keywords name="Numbers, suffix1"></Keywords>
            <Keywords name="Numbers, suffix2"></Keywords>
            <Keywords name="Numbers, range"></Keywords>
            <Keywords name="Operators1">! ~ + - * / % &lt;&lt; &gt;&gt; &gt;&gt;&gt; &lt;? &gt;? &lt; &gt; &lt;= &gt;= = == != &amp; ^ | &amp;&amp; || , . : ?</Keywords>
            <Keywords name="Operators2"></Keywords>
            <Keywords name="Folders in code1, open"></Keywords>
            <Keywords name="Folders in code1, middle"></Keywords>
            <Keywords name="Folders in code1, close"></Keywords>
            <Keywords name="Folders in code2, open">IF DUP LUA MODULE MODULE MACRO STRUCT</Keywords>
            <Keywords name="Folders in code2, middle">ELSE</Keywords>
            <Keywords name="Folders in code2, close">ENDIF EDUP ENDLUA ENDMODULE ENDMOD ENDM ENDS</Keywords>
            <Keywords name="Folders in comment, open">---&gt;</Keywords>
            <Keywords name="Folders in comment, middle"></Keywords>
            <Keywords name="Folders in comment, close">&lt;---</Keywords>
            <Keywords name="Keywords1">adc add and bit call ccf cp cpd cpdr cpi cpir cpl daa dec di djnz ei ex exx halt im in inc ind indr ini inir jp jr ld ldd lddr ldi ldir neg nop or otdr otir out outd outi pop push res ret reti retn rl rla rlc rlca rld rr rra rrc rrca rrd rst sbc scf set sla sra srl sub xor</Keywords>
            <Keywords name="Keywords2">a b c d e f h l bc de af hl ix ixh ixl iy iyh iyl sp r i</Keywords>
            <Keywords name="Keywords3">display macro endm rept dup edup org ent savesna savebin savehob shellexec db defb dw defw ds defs if ifn endif else disp equ incbin include device abyte abytec abytez align assert binary block byte dc dd defarray dephase defd defdevice define defm dm dz dword emptytrd encoding end endlua endmod endmodule endt export field fpos inchob includelua inctrd insert labelslist lua map memorymap module output page phaserept savetrd size slot textarea unphase word ifdef ifndef d24</Keywords>
            <Keywords name="Keywords4">none zxspectrum48 zxspectrum128 scorpion256 atmturbo512 _sjasmplus _version _release _errors _warnings</Keywords>
            <Keywords name="Keywords5">z nz c nc p m pe po</Keywords>
            <Keywords name="Keywords6">low high not mod shl shr</Keywords>
            <Keywords name="Keywords7"></Keywords>
            <Keywords name="Keywords8"></Keywords>
            <Keywords name="Delimiters">00( 01 02) 03[ 04 05] 06&apos; 07\ 08&apos; 09&quot; 10\ 11&quot; 12 13 14 15 16 17 18 19 20 21 22 23</Keywords>
        </KeywordLists>
        <Styles>
            <WordsStyle name="DEFAULT" fgColor="8080FF" bgColor="000000" fontName="" fontStyle="0" nesting="0" />
            <WordsStyle name="COMMENTS" fgColor="8080FF" bgColor="000000" fontName="" fontStyle="2" nesting="768" />
            <WordsStyle name="LINE COMMENTS" fgColor="8080FF" bgColor="000000" fontName="" fontStyle="2" nesting="256" />
            <WordsStyle name="NUMBERS" fgColor="FFFFFF" bgColor="000000" fontName="" fontStyle="0" nesting="0" />
            <WordsStyle name="KEYWORDS1" fgColor="00FF80" bgColor="000000" fontName="" fontStyle="1" nesting="0" />
            <WordsStyle name="KEYWORDS2" fgColor="FF00FF" bgColor="000000" fontName="" fontStyle="1" nesting="0" />
            <WordsStyle name="KEYWORDS3" fgColor="FF8000" bgColor="000000" fontName="" fontStyle="1" nesting="0" />
            <WordsStyle name="KEYWORDS4" fgColor="80FFFF" bgColor="000000" fontName="" fontStyle="1" nesting="0" />
            <WordsStyle name="KEYWORDS5" fgColor="00FFFF" bgColor="000000" fontName="" fontStyle="1" nesting="0" />
            <WordsStyle name="KEYWORDS6" fgColor="8000FF" bgColor="000000" fontName="" fontStyle="0" nesting="0" />
            <WordsStyle name="KEYWORDS7" fgColor="000000" bgColor="FFFFFF" fontName="" fontStyle="0" nesting="0" />
            <WordsStyle name="KEYWORDS8" fgColor="000000" bgColor="FFFFFF" fontName="" fontStyle="0" nesting="0" />
            <WordsStyle name="OPERATORS" fgColor="80FFFF" bgColor="000000" fontName="" fontStyle="0" nesting="0" />
            <WordsStyle name="FOLDER IN CODE1" fgColor="000000" bgColor="FFFFFF" fontName="" fontStyle="0" nesting="0" />
            <WordsStyle name="FOLDER IN CODE2" fgColor="FF8000" bgColor="000000" fontName="" fontStyle="1" nesting="0" />
            <WordsStyle name="FOLDER IN COMMENT" fgColor="00FFFF" bgColor="000000" fontName="" fontStyle="2" nesting="0" />
            <WordsStyle name="DELIMITERS1" fgColor="FFFFFF" bgColor="000000" fontName="" fontStyle="0" nesting="117702655" />
            <WordsStyle name="DELIMITERS2" fgColor="FFFFFF" bgColor="000000" fontName="" fontStyle="0" nesting="0" />
            <WordsStyle name="DELIMITERS3" fgColor="FFFFFF" bgColor="000000" fontName="" fontStyle="0" nesting="0" />
            <WordsStyle name="DELIMITERS4" fgColor="FFFFFF" bgColor="000000" fontName="" fontStyle="0" nesting="0" />
            <WordsStyle name="DELIMITERS5" fgColor="000000" bgColor="FFFFFF" fontName="" fontStyle="0" nesting="0" />
            <WordsStyle name="DELIMITERS6" fgColor="000000" bgColor="FFFFFF" fontName="" fontStyle="0" nesting="0" />
            <WordsStyle name="DELIMITERS7" fgColor="000000" bgColor="FFFFFF" fontName="" fontStyle="0" nesting="0" />
            <WordsStyle name="DELIMITERS8" fgColor="000000" bgColor="FFFFFF" fontName="" fontStyle="0" nesting="0" />
        </Styles>
    </UserLang>
</NotepadPlus>
